study,similarity_score
Behavior Study 1,0.2282428542227023
Behavior Study 2,0.26191705326900644
